{"bogo-5-5-168_accuracy_score": 0.9303501945525292, "bogo-10-10-168_accuracy_score": 0.9447470817120622, "bogo-5-5-120_accuracy_score": 0.9261246388774247, "discount-5-20-240_accuracy_score": 0.9470564994073489, "discount-2-10-240_accuracy_score": 0.9495192307692307, "bogo-10-10-120_accuracy_score": 0.944954128440367, "discount-2-10-168_accuracy_score": 0.9210220673635308, "discount-3-7-168_accuracy_score": 0.936779324055666}