{"bogo-5-5-168_accuracy_score": 0.9315175097276265, "bogo-10-10-168_accuracy_score": 0.9470817120622568, "bogo-5-5-120_accuracy_score": 0.9273627734213784, "discount-5-20-240_accuracy_score": 0.9450809956538917, "discount-2-10-240_accuracy_score": 0.9487179487179487, "bogo-10-10-120_accuracy_score": 0.9393697646589549, "discount-2-10-168_accuracy_score": 0.9206349206349206, "discount-3-7-168_accuracy_score": 0.9383697813121272}